Old Path,New Path,Category,Migration Phase,Priority
Assets/Scripts/Core/GameManager.cs,Assets/Scripts/_Core/GameManager.cs,Core,6,Low
Assets/Scripts/Core/SceneBootstrap.cs,Assets/Scripts/_Core/SceneBootstrap.cs,Core,6,Low
Assets/Scripts/Core/GameSettings.cs,Assets/Scripts/_Core/GameSettings.cs,Core,6,Low
Assets/Scripts/Core/GameEventSystem.cs,Assets/Scripts/_Core/GameEventSystem.cs,Core,6,Low
Assets/Scripts/Core/PlaneType.cs,Assets/Scripts/_Core/PlaneType.cs,Core,6,Low
Assets/Scripts/Core/Commands/CommandProcessor.cs,Assets/Scripts/_Core/Commands/CommandProcessor.cs,Core,6,Low
Assets/Scripts/Core/Commands/CombatCommands.cs,Assets/Scripts/_Core/Commands/CombatCommands.cs,Core,6,Low
Assets/Scripts/Core/Commands/IGameCommand.cs,Assets/Scripts/_Core/Commands/IGameCommand.cs,Core,6,Low
Assets/Scripts/Core/CameraController.cs,Assets/Scripts/Utilities/CameraController.cs,Utilities,6,Low
Assets/Scripts/Core/DebugCommands.cs,Assets/Scripts/Utilities/DebugCommands.cs,Utilities,6,Low
Assets/Scripts/Core/SpriteLoader.cs,Assets/Scripts/Utilities/SpriteLoader.cs,Utilities,6,Low
Assets/Scripts/Core/SummonCommand.cs,Assets/Scripts/Utilities/SummonCommand.cs,Utilities,6,Low
Assets/Scripts/Core/ExperienceCalculator.cs,Assets/Scripts/Character/Progression/ExperienceCalculator.cs,Character,4,Medium
Assets/Scripts/Core/GameManager.CombatActions.cs,Assets/Scripts/_Core/GameManager.CombatActions.cs,Core-Combat,2,High
Assets/Scripts/Core/GameManager.CombatFlowAccessors.cs,Assets/Scripts/_Core/GameManager.CombatFlowAccessors.cs,Core-Combat,2,High
Assets/Scripts/Core/GameManager.NPCSetup.cs,Assets/Scripts/_Core/GameManager.NPCSetup.cs,Core-NPC,2,High
Assets/Scripts/Core/GameManager.NPCTurns.cs,Assets/Scripts/_Core/GameManager.NPCTurns.cs,Core-NPC,2,High
Assets/Scripts/Core/GameManager.LootCollection.cs,Assets/Scripts/_Core/GameManager.LootCollection.cs,Core-Loot,2,High
Assets/Scripts/Core/GameManager.TreasureGeneration.cs,Assets/Scripts/_Core/GameManager.TreasureGeneration.cs,Core-Treasure,2,High
Assets/Scripts/Core/GameManager.TestConfigs.cs,Assets/Scripts/_Core/GameManager.TestConfigs.cs,Core-Test,2,High
Assets/Scripts/Core/GameManager.TestPanel.cs,Assets/Scripts/_Core/GameManager.TestPanel.cs,Core-Test,2,High
Assets/Scripts/Core/GameManager_Spells_A.cs,Assets/Scripts/Spell/Resolution/SpellResolver_A.cs,Spell,2,High
Assets/Scripts/Core/GameManager_Spells_B.cs,Assets/Scripts/Spell/Resolution/SpellResolver_B.cs,Spell,2,High
Assets/Scripts/Core/GameManager_Spells_C.cs,Assets/Scripts/Spell/Resolution/SpellResolver_C.cs,Spell,2,High
Assets/Scripts/Core/GameManager_Spells_Cantrips.cs,Assets/Scripts/Spell/Resolution/SpellResolver_Cantrips.cs,Spell,2,High
Assets/Scripts/Core/GameManager_Spells_D.cs,Assets/Scripts/Spell/Resolution/SpellResolver_D.cs,Spell,2,High
Assets/Scripts/Core/GameManager_Spells_E.cs,Assets/Scripts/Spell/Resolution/SpellResolver_E.cs,Spell,2,High
Assets/Scripts/Core/GameManager_Spells_F.cs,Assets/Scripts/Spell/Resolution/SpellResolver_F.cs,Spell,2,High
Assets/Scripts/Core/GameManager_Spells_G.cs,Assets/Scripts/Spell/Resolution/SpellResolver_G.cs,Spell,2,High
Assets/Scripts/Core/GameManager_Spells_H.cs,Assets/Scripts/Spell/Resolution/SpellResolver_H.cs,Spell,2,High
Assets/Scripts/Core/GameManager_Spells_I.cs,Assets/Scripts/Spell/Resolution/SpellResolver_I.cs,Spell,2,High
Assets/Scripts/Core/GameManager_Spells_K.cs,Assets/Scripts/Spell/Resolution/SpellResolver_K.cs,Spell,2,High
Assets/Scripts/Core/GameManager_Spells_L.cs,Assets/Scripts/Spell/Resolution/SpellResolver_L.cs,Spell,2,High
Assets/Scripts/Core/GameManager_Spells_M.cs,Assets/Scripts/Spell/Resolution/SpellResolver_M.cs,Spell,2,High
Assets/Scripts/Core/GameManager_Spells_MagicFang.cs,Assets/Scripts/Spell/Resolution/SpellResolver_MagicFang.cs,Spell,2,High
Assets/Scripts/Core/GameManager_Spells_N.cs,Assets/Scripts/Spell/Resolution/SpellResolver_N.cs,Spell,2,High
Assets/Scripts/Core/GameManager_Spells_P.cs,Assets/Scripts/Spell/Resolution/SpellResolver_P.cs,Spell,2,High
Assets/Scripts/Core/GameManager_Spells_Phase1.cs,Assets/Scripts/Spell/Resolution/SpellResolver_Phase1.cs,Spell,2,High
Assets/Scripts/Core/GameManager_Spells_Phase2.cs,Assets/Scripts/Spell/Resolution/SpellResolver_Phase2.cs,Spell,2,High
Assets/Scripts/Core/GameManager_Spells_R.cs,Assets/Scripts/Spell/Resolution/SpellResolver_R.cs,Spell,2,High
Assets/Scripts/Core/GameManager_Spells_S.cs,Assets/Scripts/Spell/Resolution/SpellResolver_S.cs,Spell,2,High
Assets/Scripts/Core/GameManager_Spells_Shared.cs,Assets/Scripts/Spell/Resolution/SpellResolver_Shared.cs,Spell,2,High
Assets/Scripts/Core/GameManager_Spells_V.cs,Assets/Scripts/Spell/Resolution/SpellResolver_V.cs,Spell,2,High
Assets/Scripts/Core/GameManager_Spells_W.cs,Assets/Scripts/Spell/Resolution/SpellResolver_W.cs,Spell,2,High
Assets/Scripts/Core/GameManager.SpellCasting.cs,Assets/Scripts/Spell/Resolution/SpellCasting.cs,Spell,2,High
Assets/Scripts/Core/GameManager.DispelCounterspell.cs,Assets/Scripts/Spell/Resolution/DispelCounterspell.cs,Spell,2,High
Assets/Scripts/Core/GameManager_ConcealmentAreas.cs,Assets/Scripts/Spell/Special/ConcealmentAreas.cs,Spell,2,High
Assets/Scripts/Core/GameManager_DomainAreaSpells.cs,Assets/Scripts/Spell/Domain/DomainAreaSpells.cs,Spell,2,High
Assets/Scripts/Core/GameManager_DomainPowers.cs,Assets/Scripts/Spell/Domain/DomainPowers.cs,Spell,2,High
Assets/Scripts/Core/GameManager_DomainSpells.cs,Assets/Scripts/Spell/Domain/DomainSpells.cs,Spell,2,High
Assets/Scripts/Core/GameManager_FlamingSphere.cs,Assets/Scripts/Spell/Special/FlamingSphere.cs,Spell,2,High
Assets/Scripts/Core/GameManager_Grease.cs,Assets/Scripts/Spell/Special/Grease.cs,Spell,2,High
Assets/Scripts/Core/GameManager_HolyAreas.cs,Assets/Scripts/Spell/Special/HolyAreas.cs,Spell,2,High
Assets/Scripts/Core/GameManager_MirrorImage.cs,Assets/Scripts/Spell/Special/MirrorImage.cs,Spell,2,High
Assets/Scripts/Core/GameManager_WallOfFire.cs,Assets/Scripts/Spell/Special/WallOfFire.cs,Spell,2,High
Assets/Scripts/Core/GameManager_WallOfForce.cs,Assets/Scripts/Spell/Special/WallOfForce.cs,Spell,2,High
Assets/Scripts/Core/GameManager_WallOfIce.cs,Assets/Scripts/Spell/Special/WallOfIce.cs,Spell,2,High
Assets/Scripts/Combat/ActionEconomy.cs,Assets/Scripts/Combat/Core/ActionEconomy.cs,Combat,1,High
Assets/Scripts/Combat/AttackCalculator.cs,Assets/Scripts/Combat/Core/AttackCalculator.cs,Combat,1,High
Assets/Scripts/Combat/AttackPool.cs,Assets/Scripts/Combat/Core/AttackPool.cs,Combat,1,High
Assets/Scripts/Combat/AoOProvokingAction.cs,Assets/Scripts/Combat/Core/AoOProvokingAction.cs,Combat,1,High
Assets/Scripts/Combat/CombatResult.cs,Assets/Scripts/Combat/Core/CombatResult.cs,Combat,1,High
Assets/Scripts/Combat/FullAttackResult.cs,Assets/Scripts/Combat/Core/FullAttackResult.cs,Combat,1,High
Assets/Scripts/Combat/CombatStateMachine.cs,Assets/Scripts/Combat/Core/CombatStateMachine.cs,Combat,1,High
Assets/Scripts/Combat/DamageModel.cs,Assets/Scripts/Combat/Core/DamageModel.cs,Combat,1,High
Assets/Scripts/Combat/InitiativeSystem.cs,Assets/Scripts/Combat/Core/InitiativeSystem.cs,Combat,1,High
Assets/Scripts/Combat/RangeCalculator.cs,Assets/Scripts/Combat/Core/RangeCalculator.cs,Combat,1,High
Assets/Scripts/Combat/SizeCategory.cs,Assets/Scripts/Combat/Core/SizeCategory.cs,Combat,1,High
Assets/Scripts/Combat/TeamUtility.cs,Assets/Scripts/Combat/Core/TeamUtility.cs,Combat,1,High
Assets/Scripts/Combat/ThreatSystem.cs,Assets/Scripts/Combat/Core/ThreatSystem.cs,Combat,1,High
Assets/Scripts/Combat/ConditionManager.cs,Assets/Scripts/Combat/Conditions/ConditionManager.cs,Combat,1,High
Assets/Scripts/Combat/CombatConditionType.cs,Assets/Scripts/Combat/Conditions/CombatConditionType.cs,Combat,1,High
Assets/Scripts/Combat/AnimateRopeEntangledConditionData.cs,Assets/Scripts/Combat/Conditions/AnimateRopeEntangledConditionData.cs,Combat,1,High
Assets/Scripts/Combat/AsleepConditionData.cs,Assets/Scripts/Combat/Conditions/AsleepConditionData.cs,Combat,1,High
Assets/Scripts/Combat/CharmedConditionData.cs,Assets/Scripts/Combat/Conditions/CharmedConditionData.cs,Combat,1,High
Assets/Scripts/Combat/ColorSprayEffectData.cs,Assets/Scripts/Combat/Conditions/ColorSprayEffectData.cs,Combat,1,High
Assets/Scripts/Combat/EnfeebledConditionData.cs,Assets/Scripts/Combat/Conditions/EnfeebledConditionData.cs,Combat,1,High
Assets/Scripts/Combat/FascinatedConditionData.cs,Assets/Scripts/Combat/Conditions/FascinatedConditionData.cs,Combat,1,High
Assets/Scripts/Combat/FrightenedConditionData.cs,Assets/Scripts/Combat/Conditions/FrightenedConditionData.cs,Combat,1,High
Assets/Scripts/Combat/TouchOfIdiocyConditionData.cs,Assets/Scripts/Combat/Conditions/TouchOfIdiocyConditionData.cs,Combat,1,High
Assets/Scripts/Combat/WebEntangledConditionData.cs,Assets/Scripts/Combat/Conditions/WebEntangledConditionData.cs,Combat,1,High
Assets/Scripts/Combat/CharmedBehaviorController.cs,Assets/Scripts/Combat/Behaviors/CharmedBehaviorController.cs,Combat,1,High
Assets/Scripts/Combat/ConfusedBehaviorController.cs,Assets/Scripts/Combat/Behaviors/ConfusedBehaviorController.cs,Combat,1,High
Assets/Scripts/Combat/FascinatedBehaviorController.cs,Assets/Scripts/Combat/Behaviors/FascinatedBehaviorController.cs,Combat,1,High
Assets/Scripts/Combat/FrightenedBehaviorController.cs,Assets/Scripts/Combat/Behaviors/FrightenedBehaviorController.cs,Combat,1,High
Assets/Scripts/Combat/StatusEffect.cs,Assets/Scripts/Combat/StatusEffects/StatusEffect.cs,Combat,1,High
Assets/Scripts/Combat/NegativeLevelSystem.cs,Assets/Scripts/Combat/Special/NegativeLevelSystem.cs,Combat,1,High
Assets/Scripts/Combat/CombatLogHelper.cs,Assets/Scripts/Combat/Logging/CombatLogHelper.cs,Combat,1,High
Assets/Scripts/Combat/CombatLogger.cs,Assets/Scripts/Combat/Logging/CombatLogger.cs,Combat,1,High
Assets/Scripts/Combat/CombatCalculationService.cs,Assets/Scripts/Combat/Utilities/CombatCalculationService.cs,Combat,1,High
Assets/Scripts/Combat/CombatUtils.cs,Assets/Scripts/Combat/Utilities/CombatUtils.cs,Combat,1,High
Assets/Scripts/CombatSystems/BaseCombatManeuver.cs,Assets/Scripts/Combat/Maneuvers/BaseCombatManeuver.cs,Combat,1,High
Assets/Scripts/CombatSystems/GrappleSystem.cs,Assets/Scripts/Combat/Maneuvers/GrappleSystem.cs,Combat,1,High
Assets/Scripts/CombatSystems/OverrunSystem.cs,Assets/Scripts/Combat/Maneuvers/OverrunSystem.cs,Combat,1,High
Assets/Scripts/CombatSystems/StandardManeuvers.cs,Assets/Scripts/Combat/Maneuvers/StandardManeuvers.cs,Combat,1,High
Assets/Scripts/CombatSystems/SupportActions.cs,Assets/Scripts/Combat/Maneuvers/SupportActions.cs,Combat,1,High
Assets/Scripts/CombatSystems/ICombatSystem.cs,Assets/Scripts/Combat/Maneuvers/ICombatSystem.cs,Combat,1,High
Assets/Scripts/CombatSystems/FireShieldReactionEffect.cs,Assets/Scripts/Combat/Reactions/FireShieldReactionEffect.cs,Combat,1,High
Assets/Scripts/CombatSystems/IMeleeReactionEffect.cs,Assets/Scripts/Combat/Reactions/IMeleeReactionEffect.cs,Combat,1,High
Assets/Scripts/CombatSystems/MeleeReactionService.cs,Assets/Scripts/Combat/Reactions/MeleeReactionService.cs,Combat,1,High
Assets/Scripts/CombatSystems/TemplateSmiteSystem.cs,Assets/Scripts/Combat/Special/TemplateSmiteSystem.cs,Combat,1,High
Assets/Scripts/CombatSystems/TurnUndeadSystem.cs,Assets/Scripts/Combat/Special/TurnUndeadSystem.cs,Combat,1,High
Assets/Scripts/Mounts/MountData.cs,Assets/Scripts/Combat/Mounts/MountData.cs,Combat,1,High
Assets/Scripts/Mounts/MountDatabase.cs,Assets/Scripts/Combat/Mounts/MountDatabase.cs,Combat,1,High
Assets/Scripts/Mounts/MountSystem.cs,Assets/Scripts/Combat/Mounts/MountSystem.cs,Combat,1,High
Assets/Scripts/Mounts/MountedCombatSystem.cs,Assets/Scripts/Combat/Mounts/MountedCombatSystem.cs,Combat,1,High
Assets/Scripts/Magic/SpellData.cs,Assets/Scripts/Spell/Data/SpellData.cs,Spell,2,High
Assets/Scripts/Magic/SpellSchool.cs,Assets/Scripts/Spell/Data/SpellSchool.cs,Spell,2,High
Assets/Scripts/Magic/SpellSlot.cs,Assets/Scripts/Spell/Data/SpellSlot.cs,Spell,2,High
Assets/Scripts/Magic/SpellResult.cs,Assets/Scripts/Spell/Data/SpellResult.cs,Spell,2,High
Assets/Scripts/Magic/SpellRanges.cs,Assets/Scripts/Spell/Data/SpellRanges.cs,Spell,2,High
Assets/Scripts/Magic/SpontaneousCastingData.cs,Assets/Scripts/Spell/Data/SpontaneousCastingData.cs,Spell,2,High
Assets/Scripts/Magic/SpellDatabase.cs,Assets/Scripts/Spell/Database/SpellDatabase.cs,Spell,2,High
Assets/Scripts/Magic/SpontaneousCastingType.cs,Assets/Scripts/Spell/Database/SpontaneousCastingType.cs,Spell,2,High
Assets/Scripts/Magic/SpellCaster.cs,Assets/Scripts/Spell/Casting/SpellCaster.cs,Spell,2,High
Assets/Scripts/Magic/SpellCastingHelper.cs,Assets/Scripts/Spell/Casting/SpellCastingHelper.cs,Spell,2,High
Assets/Scripts/Magic/SpellComponentSystem.cs,Assets/Scripts/Spell/Casting/SpellComponentSystem.cs,Spell,2,High
Assets/Scripts/Magic/SpellSaveResolver.cs,Assets/Scripts/Spell/Casting/SpellSaveResolver.cs,Spell,2,High
Assets/Scripts/Magic/SpellUtilities.cs,Assets/Scripts/Spell/Casting/SpellUtilities.cs,Spell,2,High
Assets/Scripts/Magic/ImbueSpellEntry.cs,Assets/Scripts/Spell/Casting/ImbueSpellEntry.cs,Spell,2,High
Assets/Scripts/Magic/ImbueWithSpellAbilityManager.cs,Assets/Scripts/Spell/Casting/ImbueWithSpellAbilityManager.cs,Spell,2,High
Assets/Scripts/Magic/PartialCasterData.cs,Assets/Scripts/Spell/Casting/PartialCasterData.cs,Spell,2,High
Assets/Scripts/Magic/ActiveSpellEffect.cs,Assets/Scripts/Spell/StatusEffects/ActiveSpellEffect.cs,Spell,2,High
Assets/Scripts/Magic/AoESystem.cs,Assets/Scripts/Spell/AreaEffects/AoESystem.cs,Spell,2,High
Assets/Scripts/Magic/BonusType.cs,Assets/Scripts/Spell/BonusType.cs,Spell,2,High
Assets/Scripts/Magic/Spells/Databases/SpellDatabase_A.cs,Assets/Scripts/Spell/Database/SpellDatabase_A.cs,Spell,2,High
Assets/Scripts/Magic/Spells/Databases/SpellDatabase_B.cs,Assets/Scripts/Spell/Database/SpellDatabase_B.cs,Spell,2,High
Assets/Scripts/Magic/Spells/Databases/SpellDatabase_C.cs,Assets/Scripts/Spell/Database/SpellDatabase_C.cs,Spell,2,High
Assets/Scripts/Magic/Spells/Databases/SpellDatabase_D.cs,Assets/Scripts/Spell/Database/SpellDatabase_D.cs,Spell,2,High
Assets/Scripts/Magic/Spells/Databases/SpellDatabase_E.cs,Assets/Scripts/Spell/Database/SpellDatabase_E.cs,Spell,2,High
Assets/Scripts/Magic/Spells/Databases/SpellDatabase_F.cs,Assets/Scripts/Spell/Database/SpellDatabase_F.cs,Spell,2,High
Assets/Scripts/Magic/Spells/Databases/SpellDatabase_G.cs,Assets/Scripts/Spell/Database/SpellDatabase_G.cs,Spell,2,High
Assets/Scripts/Magic/Spells/Databases/SpellDatabase_H.cs,Assets/Scripts/Spell/Database/SpellDatabase_H.cs,Spell,2,High
Assets/Scripts/Magic/Spells/Databases/SpellDatabase_I.cs,Assets/Scripts/Spell/Database/SpellDatabase_I.cs,Spell,2,High
Assets/Scripts/Magic/Spells/Databases/SpellDatabase_J.cs,Assets/Scripts/Spell/Database/SpellDatabase_J.cs,Spell,2,High
Assets/Scripts/Magic/Spells/Databases/SpellDatabase_K.cs,Assets/Scripts/Spell/Database/SpellDatabase_K.cs,Spell,2,High
Assets/Scripts/Magic/Spells/Databases/SpellDatabase_L.cs,Assets/Scripts/Spell/Database/SpellDatabase_L.cs,Spell,2,High
Assets/Scripts/Magic/Spells/Databases/SpellDatabase_M.cs,Assets/Scripts/Spell/Database/SpellDatabase_M.cs,Spell,2,High
Assets/Scripts/Magic/Spells/Databases/SpellDatabase_N.cs,Assets/Scripts/Spell/Database/SpellDatabase_N.cs,Spell,2,High
Assets/Scripts/Magic/Spells/Databases/SpellDatabase_O.cs,Assets/Scripts/Spell/Database/SpellDatabase_O.cs,Spell,2,High
Assets/Scripts/Magic/Spells/Databases/SpellDatabase_P.cs,Assets/Scripts/Spell/Database/SpellDatabase_P.cs,Spell,2,High
Assets/Scripts/Magic/Spells/Databases/SpellDatabase_R.cs,Assets/Scripts/Spell/Database/SpellDatabase_R.cs,Spell,2,High
Assets/Scripts/Magic/Spells/Databases/SpellDatabase_S.cs,Assets/Scripts/Spell/Database/SpellDatabase_S.cs,Spell,2,High
Assets/Scripts/Magic/Spells/Databases/SpellDatabase_T.cs,Assets/Scripts/Spell/Database/SpellDatabase_T.cs,Spell,2,High
Assets/Scripts/Magic/Spells/Databases/SpellDatabase_U.cs,Assets/Scripts/Spell/Database/SpellDatabase_U.cs,Spell,2,High
Assets/Scripts/Magic/Spells/Databases/SpellDatabase_V.cs,Assets/Scripts/Spell/Database/SpellDatabase_V.cs,Spell,2,High
Assets/Scripts/Magic/Spells/Databases/SpellDatabase_W.cs,Assets/Scripts/Spell/Database/SpellDatabase_W.cs,Spell,2,High
Assets/Scripts/Magic/Spells/Databases/SpellDatabase_Z.cs,Assets/Scripts/Spell/Database/SpellDatabase_Z.cs,Spell,2,High
Assets/Scripts/Magic/Spells/WishExecutor.cs,Assets/Scripts/Spell/Special/WishExecutor.cs,Spell,2,High
Assets/Scripts/Magic/Components/ConcentrationManager.cs,Assets/Scripts/Spell/Components/ConcentrationManager.cs,Spell,2,High
Assets/Scripts/Magic/Components/CounterspellData.cs,Assets/Scripts/Spell/Components/CounterspellData.cs,Spell,2,High
Assets/Scripts/Magic/Components/MetamagicData.cs,Assets/Scripts/Spell/Components/MetamagicData.cs,Spell,2,High
Assets/Scripts/Magic/Components/MetamagicModifier.cs,Assets/Scripts/Spell/Components/MetamagicModifier.cs,Spell,2,High
Assets/Scripts/Magic/Components/SpellcastingComponent.cs,Assets/Scripts/Spell/Components/SpellcastingComponent.cs,Spell,2,High
Assets/Scripts/Magic/Components/StatusEffectManager.cs,Assets/Scripts/Spell/Components/StatusEffectManager.cs,Spell,2,High
Assets/Scripts/Magic/Components/SummonMonsterLists.cs,Assets/Scripts/Spell/Components/SummonMonsterLists.cs,Spell,2,High
Assets/Scripts/Magic/AreaEffects/AreaEffectColors.cs,Assets/Scripts/Spell/AreaEffects/AreaEffectColors.cs,Spell,2,High
Assets/Scripts/Magic/AreaEffects/AreaEffectManager.cs,Assets/Scripts/Spell/AreaEffects/AreaEffectManager.cs,Spell,2,High
Assets/Scripts/Magic/AreaEffects/BlackTentaclesAreaEffect.cs,Assets/Scripts/Spell/AreaEffects/BlackTentaclesAreaEffect.cs,Spell,2,High
Assets/Scripts/Magic/AreaEffects/DarknessAreaEffect.cs,Assets/Scripts/Spell/AreaEffects/DarknessAreaEffect.cs,Spell,2,High
Assets/Scripts/Magic/AreaEffects/DaylightAreaEffect.cs,Assets/Scripts/Spell/AreaEffects/DaylightAreaEffect.cs,Spell,2,High
Assets/Scripts/Magic/AreaEffects/EntangleAreaEffect.cs,Assets/Scripts/Spell/AreaEffects/EntangleAreaEffect.cs,Spell,2,High
Assets/Scripts/Magic/AreaEffects/FireballAreaEffect.cs,Assets/Scripts/Spell/AreaEffects/FireballAreaEffect.cs,Spell,2,High
Assets/Scripts/Magic/AreaEffects/FlamingSphereEntity.cs,Assets/Scripts/Spell/AreaEffects/FlamingSphereEntity.cs,Spell,2,High
Assets/Scripts/Magic/AreaEffects/FogCloudAreaEffect.cs,Assets/Scripts/Spell/AreaEffects/FogCloudAreaEffect.cs,Spell,2,High
Assets/Scripts/Magic/AreaEffects/GlitterdustAreaEffect.cs,Assets/Scripts/Spell/AreaEffects/GlitterdustAreaEffect.cs,Spell,2,High
Assets/Scripts/Magic/AreaEffects/GreaseAreaEffect.cs,Assets/Scripts/Spell/AreaEffects/GreaseAreaEffect.cs,Spell,2,High
Assets/Scripts/Magic/AreaEffects/GustOfWindEffect.cs,Assets/Scripts/Spell/AreaEffects/GustOfWindEffect.cs,Spell,2,High
Assets/Scripts/Magic/AreaEffects/ILineOfEffectBlocker.cs,Assets/Scripts/Spell/AreaEffects/ILineOfEffectBlocker.cs,Spell,2,High
Assets/Scripts/Magic/AreaEffects/LesserGlobeOfInvulnerabilityAreaEffect.cs,Assets/Scripts/Spell/AreaEffects/LesserGlobeOfInvulnerabilityAreaEffect.cs,Spell,2,High
Assets/Scripts/Magic/AreaEffects/LineOfEffectService.cs,Assets/Scripts/Spell/AreaEffects/LineOfEffectService.cs,Spell,2,High
Assets/Scripts/Magic/AreaEffects/ObscuringMistAreaEffect.cs,Assets/Scripts/Spell/AreaEffects/ObscuringMistAreaEffect.cs,Spell,2,High
Assets/Scripts/Magic/AreaEffects/PersistentAreaEffect.cs,Assets/Scripts/Spell/AreaEffects/PersistentAreaEffect.cs,Spell,2,High
Assets/Scripts/Magic/AreaEffects/PlantGrowthAreaEffect.cs,Assets/Scripts/Spell/AreaEffects/PlantGrowthAreaEffect.cs,Spell,2,High
Assets/Scripts/Magic/AreaEffects/ResilientSphereAreaEffect.cs,Assets/Scripts/Spell/AreaEffects/ResilientSphereAreaEffect.cs,Spell,2,High
Assets/Scripts/Magic/AreaEffects/SleetStormAreaEffect.cs,Assets/Scripts/Spell/AreaEffects/SleetStormAreaEffect.cs,Spell,2,High
Assets/Scripts/Magic/AreaEffects/SoftenEarthAreaEffect.cs,Assets/Scripts/Spell/AreaEffects/SoftenEarthAreaEffect.cs,Spell,2,High
Assets/Scripts/Magic/AreaEffects/SolidFogAreaEffect.cs,Assets/Scripts/Spell/AreaEffects/SolidFogAreaEffect.cs,Spell,2,High
Assets/Scripts/Magic/AreaEffects/SpikeStoneAreaEffect.cs,Assets/Scripts/Spell/AreaEffects/SpikeStoneAreaEffect.cs,Spell,2,High
Assets/Scripts/Magic/AreaEffects/StinkingCloudAreaEffect.cs,Assets/Scripts/Spell/AreaEffects/StinkingCloudAreaEffect.cs,Spell,2,High
Assets/Scripts/Magic/AreaEffects/WallOfFireAreaEffect.cs,Assets/Scripts/Spell/AreaEffects/WallOfFireAreaEffect.cs,Spell,2,High
Assets/Scripts/Magic/AreaEffects/WallOfForceAreaEffect.cs,Assets/Scripts/Spell/AreaEffects/WallOfForceAreaEffect.cs,Spell,2,High
Assets/Scripts/Magic/AreaEffects/WallOfIceAreaEffect.cs,Assets/Scripts/Spell/AreaEffects/WallOfIceAreaEffect.cs,Spell,2,High
Assets/Scripts/Magic/AreaEffects/WebAreaEffect.cs,Assets/Scripts/Spell/AreaEffects/WebAreaEffect.cs,Spell,2,High
Assets/Scripts/Magic/AreaEffects/WindEffect.cs,Assets/Scripts/Spell/AreaEffects/WindEffect.cs,Spell,2,High
Assets/Scripts/Magic/AreaEffects/WindStrength.cs,Assets/Scripts/Spell/AreaEffects/WindStrength.cs,Spell,2,High
Assets/Scripts/Magic/AreaEffects/WindWallAreaEffect.cs,Assets/Scripts/Spell/AreaEffects/WindWallAreaEffect.cs,Spell,2,High
Assets/Scripts/Magic/StatusEffects/AlignmentDetectionEffectData.cs,Assets/Scripts/Spell/StatusEffects/AlignmentDetectionEffectData.cs,Spell,2,High
Assets/Scripts/Magic/StatusEffects/AttributeEnhancementEffectData.cs,Assets/Scripts/Spell/StatusEffects/AttributeEnhancementEffectData.cs,Spell,2,High
Assets/Scripts/Magic/StatusEffects/BlindnessDeafnessEffectData.cs,Assets/Scripts/Spell/StatusEffects/BlindnessDeafnessEffectData.cs,Spell,2,High
Assets/Scripts/Magic/StatusEffects/CommandUndeadEffectData.cs,Assets/Scripts/Spell/StatusEffects/CommandUndeadEffectData.cs,Spell,2,High
Assets/Scripts/Magic/StatusEffects/CurseTracker.cs,Assets/Scripts/Spell/StatusEffects/CurseTracker.cs,Spell,2,High
Assets/Scripts/Magic/StatusEffects/DimensionalAnchorEffectData.cs,Assets/Scripts/Spell/StatusEffects/DimensionalAnchorEffectData.cs,Spell,2,High
Assets/Scripts/Magic/StatusEffects/DisguiseSelfEffectData.cs,Assets/Scripts/Spell/StatusEffects/DisguiseSelfEffectData.cs,Spell,2,High
Assets/Scripts/Magic/StatusEffects/EmanationEffectData.cs,Assets/Scripts/Spell/StatusEffects/EmanationEffectData.cs,Spell,2,High
Assets/Scripts/Magic/StatusEffects/ExpeditiousRetreatEffectData.cs,Assets/Scripts/Spell/StatusEffects/ExpeditiousRetreatEffectData.cs,Spell,2,High
Assets/Scripts/Magic/StatusEffects/FalseLifeEffectData.cs,Assets/Scripts/Spell/StatusEffects/FalseLifeEffectData.cs,Spell,2,High
Assets/Scripts/Magic/StatusEffects/GhoulTouchEffectData.cs,Assets/Scripts/Spell/StatusEffects/GhoulTouchEffectData.cs,Spell,2,High
Assets/Scripts/Magic/StatusEffects/GlitterdustEffectData.cs,Assets/Scripts/Spell/StatusEffects/GlitterdustEffectData.cs,Spell,2,High
Assets/Scripts/Magic/StatusEffects/HasteEffectData.cs,Assets/Scripts/Spell/StatusEffects/HasteEffectData.cs,Spell,2,High
Assets/Scripts/Magic/StatusEffects/InvisibilityEffectData.cs,Assets/Scripts/Spell/StatusEffects/InvisibilityEffectData.cs,Spell,2,High
Assets/Scripts/Magic/StatusEffects/InvisibilitySphereEffect.cs,Assets/Scripts/Spell/StatusEffects/InvisibilitySphereEffect.cs,Spell,2,High
Assets/Scripts/Magic/StatusEffects/MagicCircleEffectData.cs,Assets/Scripts/Spell/StatusEffects/MagicCircleEffectData.cs,Spell,2,High
Assets/Scripts/Magic/StatusEffects/MelfsAcidArrowEffectData.cs,Assets/Scripts/Spell/StatusEffects/MelfsAcidArrowEffectData.cs,Spell,2,High
Assets/Scripts/Magic/StatusEffects/MirrorImageClone.cs,Assets/Scripts/Spell/StatusEffects/MirrorImageClone.cs,Spell,2,High
Assets/Scripts/Magic/StatusEffects/ProtectionFromArrowsEffectData.cs,Assets/Scripts/Spell/StatusEffects/ProtectionFromArrowsEffectData.cs,Spell,2,High
Assets/Scripts/Magic/StatusEffects/ProtectionFromEnergyEffectData.cs,Assets/Scripts/Spell/StatusEffects/ProtectionFromEnergyEffectData.cs,Spell,2,High
Assets/Scripts/Magic/StatusEffects/ResistEnergyEffectData.cs,Assets/Scripts/Spell/StatusEffects/ResistEnergyEffectData.cs,Spell,2,High
Assets/Scripts/Magic/StatusEffects/ScareEffectData.cs,Assets/Scripts/Spell/StatusEffects/ScareEffectData.cs,Spell,2,High
Assets/Scripts/Magic/StatusEffects/SeeInvisibilityEffectData.cs,Assets/Scripts/Spell/StatusEffects/SeeInvisibilityEffectData.cs,Spell,2,High
Assets/Scripts/Magic/StatusEffects/SlowEffectData.cs,Assets/Scripts/Spell/StatusEffects/SlowEffectData.cs,Spell,2,High
Assets/Scripts/Magic/StatusEffects/SpectralHandEffectData.cs,Assets/Scripts/Spell/StatusEffects/SpectralHandEffectData.cs,Spell,2,High
Assets/Scripts/Magic/StatusEffects/StoneskinEffectData.cs,Assets/Scripts/Spell/StatusEffects/StoneskinEffectData.cs,Spell,2,High
Assets/Scripts/Magic/StatusEffects/TeleportationBlocker.cs,Assets/Scripts/Spell/StatusEffects/TeleportationBlocker.cs,Spell,2,High
Assets/Scripts/Magic/StatusEffects/TrueStrikeEffect.cs,Assets/Scripts/Spell/StatusEffects/TrueStrikeEffect.cs,Spell,2,High
Assets/Scripts/Inventory/ItemData.cs,Assets/Scripts/Equipment/Items/ItemData.cs,Equipment,3,High
Assets/Scripts/Inventory/ItemDatabase.cs,Assets/Scripts/Equipment/Items/ItemDatabase.cs,Equipment,3,High
Assets/Scripts/Inventory/ItemSpellEffect.cs,Assets/Scripts/Equipment/Items/ItemSpellEffect.cs,Equipment,3,High
Assets/Scripts/Inventory/Inventory.cs,Assets/Scripts/Equipment/Inventory/Inventory.cs,Equipment,3,High
Assets/Scripts/Inventory/InventoryComponent.cs,Assets/Scripts/Equipment/Inventory/InventoryComponent.cs,Equipment,3,High
Assets/Scripts/Inventory/PartyStash.cs,Assets/Scripts/Equipment/Inventory/PartyStash.cs,Equipment,3,High
Assets/Scripts/Inventory/PotionFactory.cs,Assets/Scripts/Equipment/Inventory/PotionFactory.cs,Equipment,3,High
Assets/Scripts/Inventory/ScrollFactory.cs,Assets/Scripts/Equipment/Inventory/ScrollFactory.cs,Equipment,3,High
Assets/Scripts/Inventory/ScrollValidator.cs,Assets/Scripts/Equipment/Inventory/ScrollValidator.cs,Equipment,3,High
Assets/Scripts/Inventory/WandFactory.cs,Assets/Scripts/Equipment/Inventory/WandFactory.cs,Equipment,3,High
Assets/Scripts/Inventory/WandValidator.cs,Assets/Scripts/Equipment/Inventory/WandValidator.cs,Equipment,3,High
Assets/Scripts/Inventory/RopeItemData.cs,Assets/Scripts/Equipment/Inventory/RopeItemData.cs,Equipment,3,High
Assets/Scripts/Inventory/InventoryUI.cs,Assets/Scripts/UI/Inventory/InventoryUI.cs,UI,5,Medium
Assets/Scripts/Equipment/EnchantmentEffects.cs,Assets/Scripts/Equipment/Enchantments/EnchantmentEffects.cs,Equipment,3,High
Assets/Scripts/Equipment/EnchantmentFactory.cs,Assets/Scripts/Equipment/Enchantments/EnchantmentFactory.cs,Equipment,3,High
Assets/Scripts/Equipment/EnchantmentProperties.cs,Assets/Scripts/Equipment/Enchantments/EnchantmentProperties.cs,Equipment,3,High
Assets/Scripts/Equipment/EnchantmentStats.cs,Assets/Scripts/Equipment/Enchantments/EnchantmentStats.cs,Equipment,3,High
Assets/Scripts/Equipment/EnchantmentType.cs,Assets/Scripts/Equipment/Enchantments/EnchantmentType.cs,Equipment,3,High
Assets/Scripts/Equipment/ItemEnchantmentData.cs,Assets/Scripts/Equipment/Enchantments/ItemEnchantmentData.cs,Equipment,3,High
Assets/Scripts/Equipment/ItemMaterialFactory.cs,Assets/Scripts/Equipment/Enchantments/ItemMaterialFactory.cs,Equipment,3,High
Assets/Scripts/Equipment/ItemBuilder.cs,Assets/Scripts/Equipment/Items/ItemBuilder.cs,Equipment,3,High
Assets/Scripts/Equipment/ItemMaterial.cs,Assets/Scripts/Equipment/Items/ItemMaterial.cs,Equipment,3,High
Assets/Scripts/Equipment/MaterialProperties.cs,Assets/Scripts/Equipment/Materials/MaterialProperties.cs,Equipment,3,High
Assets/Scripts/Equipment/RingAbility.cs,Assets/Scripts/Equipment/Rings/RingAbility.cs,Equipment,3,High
Assets/Scripts/Equipment/RingActivationManager.cs,Assets/Scripts/Equipment/Rings/RingActivationManager.cs,Equipment,3,High
Assets/Scripts/Equipment/RingChargeManager.cs,Assets/Scripts/Equipment/Rings/RingChargeManager.cs,Equipment,3,High
Assets/Scripts/Equipment/RingDatabase.cs,Assets/Scripts/Equipment/Rings/RingDatabase.cs,Equipment,3,High
Assets/Scripts/Equipment/RingFactory.cs,Assets/Scripts/Equipment/Rings/RingFactory.cs,Equipment,3,High
Assets/Scripts/Equipment/RingUseTracker.cs,Assets/Scripts/Equipment/Rings/RingUseTracker.cs,Equipment,3,High
Assets/Scripts/Equipment/RodData.cs,Assets/Scripts/Equipment/Rods/RodData.cs,Equipment,3,High
Assets/Scripts/Equipment/RodDatabase.cs,Assets/Scripts/Equipment/Rods/RodDatabase.cs,Equipment,3,High
Assets/Scripts/Equipment/RodFactory.cs,Assets/Scripts/Equipment/Rods/RodFactory.cs,Equipment,3,High
Assets/Scripts/Equipment/MetamagicRodActivation.cs,Assets/Scripts/Equipment/Rods/MetamagicRodActivation.cs,Equipment,3,High
Assets/Scripts/Equipment/StaffDatabase.cs,Assets/Scripts/Equipment/Staves/StaffDatabase.cs,Equipment,3,High
Assets/Scripts/Equipment/StaffDefinition.cs,Assets/Scripts/Equipment/Staves/StaffDefinition.cs,Equipment,3,High
Assets/Scripts/Equipment/StaffValidator.cs,Assets/Scripts/Equipment/Staves/StaffValidator.cs,Equipment,3,High
Assets/Scripts/Equipment/WondrousItemActivation.cs,Assets/Scripts/Equipment/Wondrous/WondrousItemActivation.cs,Equipment,3,High
Assets/Scripts/Equipment/WondrousItemDatabase.cs,Assets/Scripts/Equipment/Wondrous/WondrousItemDatabase.cs,Equipment,3,High
Assets/Scripts/Equipment/WondrousItemFactory.cs,Assets/Scripts/Equipment/Wondrous/WondrousItemFactory.cs,Equipment,3,High
Assets/Scripts/Equipment/SpecificItemBehavior.cs,Assets/Scripts/Equipment/SpecificItems/SpecificItemBehavior.cs,Equipment,3,High
Assets/Scripts/Equipment/SpecificItemDatabase.cs,Assets/Scripts/Equipment/SpecificItems/SpecificItemDatabase.cs,Equipment,3,High
Assets/Scripts/Equipment/SpecificMagicItem.cs,Assets/Scripts/Equipment/SpecificItems/SpecificMagicItem.cs,Equipment,3,High
Assets/Scripts/Equipment/MagicItemLootGenerator.cs,Assets/Scripts/Equipment/SpecificItems/MagicItemLootGenerator.cs,Equipment,3,High
Assets/Scripts/Equipment/CounterspellManager.cs,Assets/Scripts/Equipment/SpellStorage/CounterspellManager.cs,Equipment,3,High
Assets/Scripts/Equipment/SpellStorageManager.cs,Assets/Scripts/Equipment/SpellStorage/SpellStorageManager.cs,Equipment,3,High
Assets/Scripts/Equipment/StoredSpell.cs,Assets/Scripts/Equipment/SpellStorage/StoredSpell.cs,Equipment,3,High
Assets/Scripts/Equipment/RegenerationEffect.cs,Assets/Scripts/Equipment/Effects/RegenerationEffect.cs,Equipment,3,High
Assets/Scripts/Equipment/Behaviors/DwarvenThrowerBehavior.cs,Assets/Scripts/Equipment/Weapons/DwarvenThrowerBehavior.cs,Equipment,3,High
Assets/Scripts/Equipment/Behaviors/FrostBrandBehavior.cs,Assets/Scripts/Equipment/Weapons/FrostBrandBehavior.cs,Equipment,3,High
Assets/Scripts/Equipment/Behaviors/HolyAvengerBehavior.cs,Assets/Scripts/Equipment/Weapons/HolyAvengerBehavior.cs,Equipment,3,High
Assets/Scripts/Equipment/Behaviors/JavelinOfLightningBehavior.cs,Assets/Scripts/Equipment/Weapons/JavelinOfLightningBehavior.cs,Equipment,3,High
Assets/Scripts/Equipment/Behaviors/LuckBladeBehavior.cs,Assets/Scripts/Equipment/Weapons/LuckBladeBehavior.cs,Equipment,3,High
Assets/Scripts/Equipment/Behaviors/MaceOfSmitingBehavior.cs,Assets/Scripts/Equipment/Weapons/MaceOfSmitingBehavior.cs,Equipment,3,High
Assets/Scripts/Equipment/Behaviors/MaceOfTerrorBehavior.cs,Assets/Scripts/Equipment/Weapons/MaceOfTerrorBehavior.cs,Equipment,3,High
Assets/Scripts/Equipment/Behaviors/NineLivesStealerBehavior.cs,Assets/Scripts/Equipment/Weapons/NineLivesStealerBehavior.cs,Equipment,3,High
Assets/Scripts/Equipment/Behaviors/OathbowBehavior.cs,Assets/Scripts/Equipment/Weapons/OathbowBehavior.cs,Equipment,3,High
Assets/Scripts/Equipment/Behaviors/RapierOfPuncturingBehavior.cs,Assets/Scripts/Equipment/Weapons/RapierOfPuncturingBehavior.cs,Equipment,3,High
Assets/Scripts/Equipment/Behaviors/ShatterspikeBehavior.cs,Assets/Scripts/Equipment/Weapons/ShatterspikeBehavior.cs,Equipment,3,High
Assets/Scripts/Equipment/Behaviors/SlayingArrowBehavior.cs,Assets/Scripts/Equipment/Weapons/SlayingArrowBehavior.cs,Equipment,3,High
Assets/Scripts/Equipment/Behaviors/SleepArrowBehavior.cs,Assets/Scripts/Equipment/Weapons/SleepArrowBehavior.cs,Equipment,3,High
Assets/Scripts/Equipment/Behaviors/SunBladeBehavior.cs,Assets/Scripts/Equipment/Weapons/SunBladeBehavior.cs,Equipment,3,High
Assets/Scripts/Equipment/Behaviors/SwordOfLifeStealingBehavior.cs,Assets/Scripts/Equipment/Weapons/SwordOfLifeStealingBehavior.cs,Equipment,3,High
Assets/Scripts/Equipment/Behaviors/SwordOfSubtletyBehavior.cs,Assets/Scripts/Equipment/Weapons/SwordOfSubtletyBehavior.cs,Equipment,3,High
Assets/Scripts/Equipment/Behaviors/SwordOfThePlanesBehavior.cs,Assets/Scripts/Equipment/Weapons/SwordOfThePlanesBehavior.cs,Equipment,3,High
Assets/Scripts/Equipment/Behaviors/SylvanScimitarBehavior.cs,Assets/Scripts/Equipment/Weapons/SylvanScimitarBehavior.cs,Equipment,3,High
Assets/Scripts/Equipment/Behaviors/AbsorbingShieldBehavior.cs,Assets/Scripts/Equipment/Armor/AbsorbingShieldBehavior.cs,Equipment,3,High
Assets/Scripts/Equipment/Behaviors/AnimatedShieldBehavior.cs,Assets/Scripts/Equipment/Armor/AnimatedShieldBehavior.cs,Equipment,3,High
Assets/Scripts/Equipment/Behaviors/ArmorOfRageBehavior.cs,Assets/Scripts/Equipment/Armor/ArmorOfRageBehavior.cs,Equipment,3,High
Assets/Scripts/Equipment/Behaviors/BandedMailOfLuckBehavior.cs,Assets/Scripts/Equipment/Armor/BandedMailOfLuckBehavior.cs,Equipment,3,High
Assets/Scripts/Equipment/Behaviors/BreastplateOfCommandBehavior.cs,Assets/Scripts/Equipment/Armor/BreastplateOfCommandBehavior.cs,Equipment,3,High
Assets/Scripts/Equipment/Behaviors/CastersShieldBehavior.cs,Assets/Scripts/Equipment/Armor/CastersShieldBehavior.cs,Equipment,3,High
Assets/Scripts/Equipment/Behaviors/DemonArmorBehavior.cs,Assets/Scripts/Equipment/Armor/DemonArmorBehavior.cs,Equipment,3,High
Assets/Scripts/Equipment/Behaviors/LionsShieldBehavior.cs,Assets/Scripts/Equipment/Armor/LionsShieldBehavior.cs,Equipment,3,High
Assets/Scripts/Equipment/Behaviors/MithralFullPlateOfSpeedBehavior.cs,Assets/Scripts/Equipment/Armor/MithralFullPlateOfSpeedBehavior.cs,Equipment,3,High
Assets/Scripts/Equipment/Behaviors/WingedShieldBehavior.cs,Assets/Scripts/Equipment/Armor/WingedShieldBehavior.cs,Equipment,3,High
Assets/Scripts/Store/StoreInventory.cs,Assets/Scripts/Equipment/Store/StoreInventory.cs,Equipment,3,High
Assets/Scripts/Store/StoreUI.cs,Assets/Scripts/Equipment/Store/StoreUI.cs,Equipment,3,High
Assets/Scripts/Classes/BarbarianClass.cs,Assets/Scripts/Character/Classes/BarbarianClass.cs,Character,4,Medium
Assets/Scripts/Classes/ClassRegistry.cs,Assets/Scripts/Character/Classes/ClassRegistry.cs,Character,4,Medium
Assets/Scripts/Classes/ClericClass.cs,Assets/Scripts/Character/Classes/ClericClass.cs,Character,4,Medium
Assets/Scripts/Classes/FighterClass.cs,Assets/Scripts/Character/Classes/FighterClass.cs,Character,4,Medium
Assets/Scripts/Classes/ICharacterClass.cs,Assets/Scripts/Character/Classes/ICharacterClass.cs,Character,4,Medium
Assets/Scripts/Classes/MonkClass.cs,Assets/Scripts/Character/Classes/MonkClass.cs,Character,4,Medium
Assets/Scripts/Classes/RogueClass.cs,Assets/Scripts/Character/Classes/RogueClass.cs,Character,4,Medium
Assets/Scripts/Classes/SorcererClass.cs,Assets/Scripts/Character/Classes/SorcererClass.cs,Character,4,Medium
Assets/Scripts/Classes/WizardClass.cs,Assets/Scripts/Character/Classes/WizardClass.cs,Character,4,Medium
Assets/Scripts/Classes/Bard/BardClass.cs,Assets/Scripts/Character/Classes/Bard/BardClass.cs,Character,4,Medium
Assets/Scripts/Classes/Bard/BardicKnowledgeData.cs,Assets/Scripts/Character/Classes/Bard/BardicKnowledgeData.cs,Character,4,Medium
Assets/Scripts/Classes/Bard/BardicMusicData.cs,Assets/Scripts/Character/Classes/Bard/BardicMusicData.cs,Character,4,Medium
Assets/Scripts/Classes/Druid/DruidClass.cs,Assets/Scripts/Character/Classes/Druid/DruidClass.cs,Character,4,Medium
Assets/Scripts/Classes/Druid/WildShapeData.cs,Assets/Scripts/Character/Classes/Druid/WildShapeData.cs,Character,4,Medium
Assets/Scripts/Classes/Druid/WildShapeFormDatabase.cs,Assets/Scripts/Character/Classes/Druid/WildShapeFormDatabase.cs,Character,4,Medium
Assets/Scripts/Classes/NPC/AdeptClass.cs,Assets/Scripts/Character/Classes/NPC/AdeptClass.cs,Character,4,Medium
Assets/Scripts/Classes/NPC/AdeptSpellList.cs,Assets/Scripts/Character/Classes/NPC/AdeptSpellList.cs,Character,4,Medium
Assets/Scripts/Classes/NPC/AristocratClass.cs,Assets/Scripts/Character/Classes/NPC/AristocratClass.cs,Character,4,Medium
Assets/Scripts/Classes/NPC/CommonerClass.cs,Assets/Scripts/Character/Classes/NPC/CommonerClass.cs,Character,4,Medium
Assets/Scripts/Classes/NPC/ExpertClass.cs,Assets/Scripts/Character/Classes/NPC/ExpertClass.cs,Character,4,Medium
Assets/Scripts/Classes/NPC/WarriorClass.cs,Assets/Scripts/Character/Classes/NPC/WarriorClass.cs,Character,4,Medium
Assets/Scripts/Classes/Paladin/LayOnHandsData.cs,Assets/Scripts/Character/Classes/Paladin/LayOnHandsData.cs,Character,4,Medium
Assets/Scripts/Classes/Paladin/PaladinClass.cs,Assets/Scripts/Character/Classes/Paladin/PaladinClass.cs,Character,4,Medium
Assets/Scripts/Classes/Paladin/SmiteEvilData.cs,Assets/Scripts/Character/Classes/Paladin/SmiteEvilData.cs,Character,4,Medium
Assets/Scripts/Classes/Ranger/CombatStyleData.cs,Assets/Scripts/Character/Classes/Ranger/CombatStyleData.cs,Character,4,Medium
Assets/Scripts/Classes/Ranger/FavoredEnemyData.cs,Assets/Scripts/Character/Classes/Ranger/FavoredEnemyData.cs,Character,4,Medium
Assets/Scripts/Classes/Ranger/RangerClass.cs,Assets/Scripts/Character/Classes/Ranger/RangerClass.cs,Character,4,Medium
Assets/Scripts/Classes/Shared/AnimalCompanionData.cs,Assets/Scripts/Character/Classes/Shared/AnimalCompanionData.cs,Character,4,Medium
Assets/Scripts/Character/CharacterStats.cs,Assets/Scripts/Character/Stats/CharacterStats.cs,Character,4,Medium
Assets/Scripts/Character/CharacterCombatStats.cs,Assets/Scripts/Character/Stats/CharacterCombatStats.cs,Character,4,Medium
Assets/Scripts/Character/CharacterConditions.cs,Assets/Scripts/Character/Stats/CharacterConditions.cs,Character,4,Medium
Assets/Scripts/Character/CharacterTags.cs,Assets/Scripts/Character/Stats/CharacterTags.cs,Character,4,Medium
Assets/Scripts/Character/HPState.cs,Assets/Scripts/Character/Stats/HPState.cs,Character,4,Medium
Assets/Scripts/Character/AbilityScoreDamage.cs,Assets/Scripts/Character/Stats/AbilityScoreDamage.cs,Character,4,Medium
Assets/Scripts/Character/Alignment.cs,Assets/Scripts/Character/Stats/Alignment.cs,Character,4,Medium
Assets/Scripts/Character/StatusTagManager.cs,Assets/Scripts/Character/Stats/StatusTagManager.cs,Character,4,Medium
Assets/Scripts/Character/CharacterController.cs,Assets/Scripts/Character/Controller/CharacterController.cs,Character,4,Medium
Assets/Scripts/Character/CharacterEquipment.cs,Assets/Scripts/Character/Controller/CharacterEquipment.cs,Character,4,Medium
Assets/Scripts/Character/CharacterInventory.cs,Assets/Scripts/Equipment/Inventory/CharacterInventory.cs,Equipment,3,High
Assets/Scripts/Character/Feat.cs,Assets/Scripts/Character/Feats/Feat.cs,Character,4,Medium
Assets/Scripts/Character/FeatDefinitions.cs,Assets/Scripts/Character/Feats/FeatDefinitions.cs,Character,4,Medium
Assets/Scripts/Character/FeatManager.cs,Assets/Scripts/Character/Feats/FeatManager.cs,Character,4,Medium
Assets/Scripts/Character/RaceData.cs,Assets/Scripts/Character/Races/RaceData.cs,Character,4,Medium
Assets/Scripts/Character/RaceDatabase.cs,Assets/Scripts/Character/Races/RaceDatabase.cs,Character,4,Medium
Assets/Scripts/Character/DeityData.cs,Assets/Scripts/Character/Religion/DeityData.cs,Character,4,Medium
Assets/Scripts/Character/DeityDatabase.cs,Assets/Scripts/Character/Religion/DeityDatabase.cs,Character,4,Medium
Assets/Scripts/Character/DomainData.cs,Assets/Scripts/Character/Religion/DomainData.cs,Character,4,Medium
Assets/Scripts/Character/DomainDatabase.cs,Assets/Scripts/Character/Religion/DomainDatabase.cs,Character,4,Medium
Assets/Scripts/Character/Skill.cs,Assets/Scripts/Character/Skills/Skill.cs,Character,4,Medium
Assets/Scripts/Character/ClassSkillDefinitions.cs,Assets/Scripts/Character/Skills/ClassSkillDefinitions.cs,Character,4,Medium
Assets/Scripts/Character/NPCDatabase.cs,Assets/Scripts/Character/Creatures/NPCDatabase.cs,Character,4,Medium
Assets/Scripts/Character/NPCDatabaseCustom.cs,Assets/Scripts/Character/Creatures/NPCDatabaseCustom.cs,Character,4,Medium
Assets/Scripts/Character/NPCDatabase_A.cs,Assets/Scripts/Character/Creatures/NPCDatabase_A.cs,Character,4,Medium
Assets/Scripts/Character/NPCDatabase_B.cs,Assets/Scripts/Character/Creatures/NPCDatabase_B.cs,Character,4,Medium
Assets/Scripts/Character/NPCDatabase_C.cs,Assets/Scripts/Character/Creatures/NPCDatabase_C.cs,Character,4,Medium
Assets/Scripts/Character/NPCDatabase_D.cs,Assets/Scripts/Character/Creatures/NPCDatabase_D.cs,Character,4,Medium
Assets/Scripts/Character/NPCDatabase_E.cs,Assets/Scripts/Character/Creatures/NPCDatabase_E.cs,Character,4,Medium
Assets/Scripts/Character/NPCDatabase_F.cs,Assets/Scripts/Character/Creatures/NPCDatabase_F.cs,Character,4,Medium
Assets/Scripts/Character/NPCDatabase_G.cs,Assets/Scripts/Character/Creatures/NPCDatabase_G.cs,Character,4,Medium
Assets/Scripts/Character/NPCDatabase_H.cs,Assets/Scripts/Character/Creatures/NPCDatabase_H.cs,Character,4,Medium
Assets/Scripts/Character/NPCDatabase_I.cs,Assets/Scripts/Character/Creatures/NPCDatabase_I.cs,Character,4,Medium
Assets/Scripts/Character/NPCDatabase_J.cs,Assets/Scripts/Character/Creatures/NPCDatabase_J.cs,Character,4,Medium
Assets/Scripts/Character/NPCDatabase_K.cs,Assets/Scripts/Character/Creatures/NPCDatabase_K.cs,Character,4,Medium
Assets/Scripts/Character/NPCDatabase_L.cs,Assets/Scripts/Character/Creatures/NPCDatabase_L.cs,Character,4,Medium
Assets/Scripts/Character/NPCDatabase_M.cs,Assets/Scripts/Character/Creatures/NPCDatabase_M.cs,Character,4,Medium
Assets/Scripts/Character/NPCDatabase_N.cs,Assets/Scripts/Character/Creatures/NPCDatabase_N.cs,Character,4,Medium
Assets/Scripts/Character/NPCDatabase_O.cs,Assets/Scripts/Character/Creatures/NPCDatabase_O.cs,Character,4,Medium
Assets/Scripts/Character/NPCDatabase_P.cs,Assets/Scripts/Character/Creatures/NPCDatabase_P.cs,Character,4,Medium
Assets/Scripts/Character/NPCDatabase_Q.cs,Assets/Scripts/Character/Creatures/NPCDatabase_Q.cs,Character,4,Medium
Assets/Scripts/Character/NPCDatabase_R.cs,Assets/Scripts/Character/Creatures/NPCDatabase_R.cs,Character,4,Medium
Assets/Scripts/Character/NPCDatabase_S.cs,Assets/Scripts/Character/Creatures/NPCDatabase_S.cs,Character,4,Medium
Assets/Scripts/Character/NPCDatabase_T.cs,Assets/Scripts/Character/Creatures/NPCDatabase_T.cs,Character,4,Medium
Assets/Scripts/Character/NPCDatabase_U.cs,Assets/Scripts/Character/Creatures/NPCDatabase_U.cs,Character,4,Medium
Assets/Scripts/Character/NPCDatabase_V.cs,Assets/Scripts/Character/Creatures/NPCDatabase_V.cs,Character,4,Medium
Assets/Scripts/Character/NPCDatabase_W.cs,Assets/Scripts/Character/Creatures/NPCDatabase_W.cs,Character,4,Medium
Assets/Scripts/Character/NPCDatabase_X.cs,Assets/Scripts/Character/Creatures/NPCDatabase_X.cs,Character,4,Medium
Assets/Scripts/Character/NPCDatabase_Y.cs,Assets/Scripts/Character/Creatures/NPCDatabase_Y.cs,Character,4,Medium
Assets/Scripts/Character/NPCDatabase_Dragons.cs,Assets/Scripts/Character/Creatures/NPCDatabase_Dragons.cs,Character,4,Medium
Assets/Scripts/Character/NPCDatabase_Lycanthropes.cs,Assets/Scripts/Character/Creatures/NPCDatabase_Lycanthropes.cs,Character,4,Medium
Assets/Scripts/Character/NPCDatabase_Skeletons.cs,Assets/Scripts/Character/Creatures/NPCDatabase_Skeletons.cs,Character,4,Medium
Assets/Scripts/Character/NPCDatabase_Zombies.cs,Assets/Scripts/Character/Creatures/NPCDatabase_Zombies.cs,Character,4,Medium
Assets/Scripts/Character/DragonData.cs,Assets/Scripts/Character/Creatures/DragonData.cs,Character,4,Medium
Assets/Scripts/Character/SwarmTraits.cs,Assets/Scripts/Character/Creatures/SwarmTraits.cs,Character,4,Medium
Assets/Scripts/Character/CreatureImmunities.cs,Assets/Scripts/Character/Creatures/CreatureImmunities.cs,Character,4,Medium
Assets/Scripts/Character/CreatureTypeProgression.cs,Assets/Scripts/Character/Creatures/CreatureTypeProgression.cs,Character,4,Medium
Assets/Scripts/Data/NPCTemplates/NPCTemplate.cs,Assets/Scripts/Character/Templates/NPCTemplate.cs,Character,4,Medium
Assets/Scripts/Data/NPCTemplates/NPCTemplateDatabase.cs,Assets/Scripts/Character/Templates/NPCTemplateDatabase.cs,Character,4,Medium
Assets/Scripts/Data/NPCTemplates/TemplateData.cs,Assets/Scripts/Character/Templates/TemplateData.cs,Character,4,Medium
Assets/Scripts/Data/NPCTemplates/TemplateSpellUpdater.cs,Assets/Scripts/Character/Templates/TemplateSpellUpdater.cs,Character,4,Medium
Assets/Scripts/Data/NPCTemplates/TemplateSpellValidator.cs,Assets/Scripts/Character/Templates/TemplateSpellValidator.cs,Character,4,Medium
Assets/Scripts/Character/Templates/BaseCreatureDefinitions.cs,Assets/Scripts/Character/Templates/BaseCreatureDefinitions.cs,Character,4,Medium
Assets/Scripts/Character/Templates/CreatureTemplateFramework.cs,Assets/Scripts/Character/Templates/CreatureTemplateFramework.cs,Character,4,Medium
Assets/Scripts/Character/Templates/LycanthropeTemplateBase.cs,Assets/Scripts/Character/Templates/LycanthropeTemplateBase.cs,Character,4,Medium
Assets/Scripts/Character/Templates/SkeletonCreatureTemplate.cs,Assets/Scripts/Character/Templates/SkeletonCreatureTemplate.cs,Character,4,Medium
Assets/Scripts/Character/Templates/UndeadTemplateUtils.cs,Assets/Scripts/Character/Templates/UndeadTemplateUtils.cs,Character,4,Medium
Assets/Scripts/Character/Templates/ZombieCreatureTemplate.cs,Assets/Scripts/Character/Templates/ZombieCreatureTemplate.cs,Character,4,Medium
Assets/Scripts/Character/LycanthropeTemplate.cs,Assets/Scripts/Character/Templates/LycanthropeTemplate.cs,Character,4,Medium
Assets/Scripts/Character/SkeletonTemplate.cs,Assets/Scripts/Character/Templates/SkeletonTemplate.cs,Character,4,Medium
Assets/Scripts/Character/ZombieTemplate.cs,Assets/Scripts/Character/Templates/ZombieTemplate.cs,Character,4,Medium
Assets/Scripts/Character/CreatureClass/CRCalculator.cs,Assets/Scripts/Character/CreatureClass/CRCalculator.cs,Character,4,Medium
Assets/Scripts/Character/CreatureClass/ClassAssociationRules.cs,Assets/Scripts/Character/CreatureClass/ClassAssociationRules.cs,Character,4,Medium
Assets/Scripts/Character/CreatureClass/CreatureClassEngine.cs,Assets/Scripts/Character/CreatureClass/CreatureClassEngine.cs,Character,4,Medium
Assets/Scripts/Character/CreatureClass/ECLTracker.cs,Assets/Scripts/Character/CreatureClass/ECLTracker.cs,Character,4,Medium
Assets/Scripts/Character/CreatureClass/StatArrayApplier.cs,Assets/Scripts/Character/CreatureClass/StatArrayApplier.cs,Character,4,Medium
Assets/Scripts/Character/LevelUpCalculator.cs,Assets/Scripts/Character/Progression/LevelUpCalculator.cs,Character,4,Medium
Assets/Scripts/Character/LevelUpData.cs,Assets/Scripts/Character/Progression/LevelUpData.cs,Character,4,Medium
Assets/Scripts/Character/WizardFamiliar.cs,Assets/Scripts/Character/Familiar/WizardFamiliar.cs,Character,4,Medium
Assets/Scripts/Character/WizardSpecialization.cs,Assets/Scripts/Character/Specialization/WizardSpecialization.cs,Character,4,Medium
Assets/Scripts/Character/RandomEncounterSystem.cs,Assets/Scripts/Encounters/RandomEncounterSystem.cs,Encounters,4,Medium
Assets/Scripts/Identifiers/SpellID.cs,Assets/Scripts/Spell/Data/SpellID.cs,Spell,6,Low
Assets/Scripts/Identifiers/SpellNames.cs,Assets/Scripts/Spell/Data/SpellNames.cs,Spell,6,Low
Assets/Scripts/Identifiers/ItemID.cs,Assets/Scripts/Equipment/Items/ItemID.cs,Equipment,6,Low
Assets/Scripts/Identifiers/ItemIDs.cs,Assets/Scripts/Equipment/Items/ItemIDs.cs,Equipment,6,Low
Assets/Scripts/Identifiers/RingNames.cs,Assets/Scripts/Equipment/Rings/RingNames.cs,Equipment,6,Low
Assets/Scripts/Identifiers/RodNames.cs,Assets/Scripts/Equipment/Rods/RodNames.cs,Equipment,6,Low
Assets/Scripts/Identifiers/WondrousItemNames.cs,Assets/Scripts/Equipment/Wondrous/WondrousItemNames.cs,Equipment,6,Low
Assets/Scripts/Identifiers/GameConstants.cs,Assets/Scripts/_Core/GameConstants.cs,Core,6,Low
Assets/Scripts/Identifiers/AbilityScore.cs,Assets/Scripts/Utilities/AbilityScore.cs,Utilities,6,Low
Assets/Scripts/Identifiers/DamageType.cs,Assets/Scripts/Utilities/DamageType.cs,Utilities,6,Low
Assets/Scripts/Identifiers/SavingThrow.cs,Assets/Scripts/Utilities/SavingThrow.cs,Utilities,6,Low
Assets/Scripts/Identifiers/IdentifierExtensions.cs,Assets/Scripts/Utilities/IdentifierExtensions.cs,Utilities,6,Low
Assets/Scripts/Identifiers/EnumTest.cs,Assets/Scripts/Tests/Utilities/EnumTest.cs,Tests,7,Low
Assets/Scripts/Identifiers/IdentifierTest.cs,Assets/Scripts/Tests/Utilities/IdentifierTest.cs,Tests,7,Low
Assets/Scripts/Systems/EquipmentAssigner.cs,Assets/Scripts/Utilities/EquipmentAssigner.cs,Utilities,6,Low
Assets/Scripts/Systems/QuickSpawnSystem.cs,Assets/Scripts/Utilities/QuickSpawnSystem.cs,Utilities,6,Low
Assets/Scripts/UI/DraggableWindow.cs,Assets/Scripts/UI/Common/DraggableWindow.cs,UI,5,Medium
Assets/Scripts/UI/ResizableWindow.cs,Assets/Scripts/UI/Common/ResizableWindow.cs,UI,5,Medium
Assets/Scripts/UI/ScrollbarHelper.cs,Assets/Scripts/UI/Common/ScrollbarHelper.cs,UI,5,Medium
Assets/Scripts/UI/HoverMarker.cs,Assets/Scripts/UI/Common/HoverMarker.cs,UI,5,Medium
Assets/Scripts/UI/IconLoader.cs,Assets/Scripts/UI/Common/IconLoader.cs,UI,5,Medium
Assets/Scripts/UI/IconManager.cs,Assets/Scripts/UI/Common/IconManager.cs,UI,5,Medium
Assets/Scripts/UI/UIFactory.cs,Assets/Scripts/UI/Common/UIFactory.cs,UI,5,Medium
Assets/Scripts/UI/UITheme.cs,Assets/Scripts/UI/Common/UITheme.cs,UI,5,Medium
Assets/Scripts/UI/CombatUI.cs,Assets/Scripts/UI/Combat/CombatUI.cs,UI,5,Medium
Assets/Scripts/UI/CombatEndXPUI.cs,Assets/Scripts/UI/Combat/CombatEndXPUI.cs,UI,5,Medium
Assets/Scripts/UI/StatusEffectIndicator.cs,Assets/Scripts/UI/Combat/StatusEffectIndicator.cs,UI,5,Medium
Assets/Scripts/UI/StatusEffectTooltipUI.cs,Assets/Scripts/UI/Combat/StatusEffectTooltipUI.cs,UI,5,Medium
Assets/Scripts/UI/SummonedCreatureVisual.cs,Assets/Scripts/UI/Combat/SummonedCreatureVisual.cs,UI,5,Medium
Assets/Scripts/UI/TurnUndeadTargetSelectionPanel.cs,Assets/Scripts/UI/Combat/TurnUndeadTargetSelectionPanel.cs,UI,5,Medium
Assets/Scripts/UI/Panels/ActionButtonPanel.cs,Assets/Scripts/UI/Combat/ActionButtonPanel.cs,UI,5,Medium
Assets/Scripts/UI/Panels/InitiativePanel.cs,Assets/Scripts/UI/Combat/InitiativePanel.cs,UI,5,Medium
Assets/Scripts/UI/Panels/TargetSelectionPanel.cs,Assets/Scripts/UI/Combat/TargetSelectionPanel.cs,UI,5,Medium
Assets/Scripts/UI/Panels/CombatLogPanel.cs,Assets/Scripts/UI/Combat/CombatLogPanel.cs,UI,5,Medium
Assets/Scripts/UI/Panels/QuickItemUsePanel.cs,Assets/Scripts/UI/Combat/QuickItemUsePanel.cs,UI,5,Medium
Assets/Scripts/UI/Panels/StaffSpellSelectionPanel.cs,Assets/Scripts/UI/Combat/StaffSpellSelectionPanel.cs,UI,5,Medium
Assets/Scripts/UI/CharacterSheetUI.cs,Assets/Scripts/UI/CharacterSheet/CharacterSheetUI.cs,UI,5,Medium
Assets/Scripts/UI/CharacterHoverTooltipUI.cs,Assets/Scripts/UI/CharacterSheet/CharacterHoverTooltipUI.cs,UI,5,Medium
Assets/Scripts/UI/LevelUpUI.cs,Assets/Scripts/UI/CharacterSheet/LevelUpUI.cs,UI,5,Medium
Assets/Scripts/UI/SkillsUIPanel.cs,Assets/Scripts/UI/CharacterSheet/SkillsUIPanel.cs,UI,5,Medium
Assets/Scripts/UI/Panels/CharacterInfoPanel.cs,Assets/Scripts/UI/CharacterSheet/CharacterInfoPanel.cs,UI,5,Medium
Assets/Scripts/UI/SpellPreparationUI.cs,Assets/Scripts/UI/Spells/SpellPreparationUI.cs,UI,5,Medium
Assets/Scripts/UI/SpellSelectionUI.cs,Assets/Scripts/UI/Spells/SpellSelectionUI.cs,UI,5,Medium
Assets/Scripts/UI/SpellStorageUI.cs,Assets/Scripts/UI/Spells/SpellStorageUI.cs,UI,5,Medium
Assets/Scripts/UI/SpellTestingPanel.cs,Assets/Scripts/UI/Spells/SpellTestingPanel.cs,UI,5,Medium
Assets/Scripts/UI/DisguiseSelfRaceSelector.cs,Assets/Scripts/UI/Spells/DisguiseSelfRaceSelector.cs,UI,5,Medium
Assets/Scripts/UI/FeatSelectionUI.cs,Assets/Scripts/UI/Spells/FeatSelectionUI.cs,UI,5,Medium
Assets/Scripts/UI/LootCollectionUI.cs,Assets/Scripts/UI/Inventory/LootCollectionUI.cs,UI,5,Medium
Assets/Scripts/UI/PreCombatInventoryUI.cs,Assets/Scripts/UI/Inventory/PreCombatInventoryUI.cs,UI,5,Medium
Assets/Scripts/UI/EncounterSelectionUI.cs,Assets/Scripts/UI/Encounter/EncounterSelectionUI.cs,UI,5,Medium
Assets/Scripts/UI/DungeonEncounterGeneratorUI.cs,Assets/Scripts/UI/Encounter/DungeonEncounterGeneratorUI.cs,UI,5,Medium
Assets/Scripts/UI/RandomEncounterGeneratorUI.cs,Assets/Scripts/UI/Encounter/RandomEncounterGeneratorUI.cs,UI,5,Medium
Assets/Scripts/UI/PreCombatHubUI.cs,Assets/Scripts/UI/Encounter/PreCombatHubUI.cs,UI,5,Medium
Assets/Scripts/UI/Panels/EncounterPreviewPanel.cs,Assets/Scripts/UI/Encounter/EncounterPreviewPanel.cs,UI,5,Medium
Assets/Scripts/UI/CharacterCreationData.cs,Assets/Scripts/UI/CharacterCreation/CharacterCreationData.cs,UI,5,Medium
Assets/Scripts/UI/CharacterCreationUI.cs,Assets/Scripts/UI/CharacterCreation/CharacterCreationUI.cs,UI,5,Medium
Assets/Scripts/UI/CharacterCreation/CharacterCreationManager.cs,Assets/Scripts/UI/CharacterCreation/CharacterCreationManager.cs,UI,5,Medium
Assets/Scripts/UI/CharacterCreation/DomainSelectionUI.cs,Assets/Scripts/UI/CharacterCreation/DomainSelectionUI.cs,UI,5,Medium
Assets/Scripts/UI/CharacterCreation/FamiliarSelectionUI.cs,Assets/Scripts/UI/CharacterCreation/FamiliarSelectionUI.cs,UI,5,Medium
Assets/Scripts/UI/CharacterCreation/WizardSpecializationUI.cs,Assets/Scripts/UI/CharacterCreation/WizardSpecializationUI.cs,UI,5,Medium
Assets/Scripts/UI/CraftingWorkshopUI.cs,Assets/Scripts/UI/Crafting/CraftingWorkshopUI.cs,UI,5,Medium
Assets/Scripts/UI/Panels/WishUI.cs,Assets/Scripts/UI/Wish/WishUI.cs,UI,5,Medium
Assets/Scripts/Encounters/GameManager.DungeonEncounters.cs,Assets/Scripts/Encounters/DungeonEncounters.cs,Encounters,4,Medium
Assets/Scripts/Encounters/DiceExpression.cs,Assets/Scripts/Encounters/DiceExpression.cs,Encounters,4,Medium
Assets/Scripts/Encounters/DungeonEncounterExamples.cs,Assets/Scripts/Encounters/DungeonEncounterExamples.cs,Encounters,4,Medium
Assets/Scripts/Encounters/DungeonEncounterSpawner.cs,Assets/Scripts/Encounters/DungeonEncounterSpawner.cs,Encounters,4,Medium
Assets/Scripts/Encounters/DungeonEncounterTable.cs,Assets/Scripts/Encounters/DungeonEncounterTable.cs,Encounters,4,Medium
Assets/Scripts/Encounters/DungeonEncounterTableData.cs,Assets/Scripts/Encounters/DungeonEncounterTableData.cs,Encounters,4,Medium
Assets/Scripts/Encounters/DungeonEncounterTableEntry.cs,Assets/Scripts/Encounters/DungeonEncounterTableEntry.cs,Encounters,4,Medium
Assets/Scripts/Encounters/DungeonEncounterTableExamples.cs,Assets/Scripts/Encounters/DungeonEncounterTableExamples.cs,Encounters,4,Medium
Assets/Scripts/Encounters/DungeonEncounterTableManager.cs,Assets/Scripts/Encounters/DungeonEncounterTableManager.cs,Encounters,4,Medium
Assets/Scripts/Encounters/EncounterCSVParser.cs,Assets/Scripts/Encounters/EncounterCSVParser.cs,Encounters,4,Medium
Assets/Scripts/Encounters/EncounterDefinition.cs,Assets/Scripts/Encounters/EncounterDefinition.cs,Encounters,4,Medium
Assets/Scripts/Encounters/EncounterDescriptionParser.cs,Assets/Scripts/Encounters/EncounterDescriptionParser.cs,Encounters,4,Medium
Assets/Scripts/AI/AIBehaviorData.cs,Assets/Scripts/AI/AIBehaviorData.cs,AI,N/A,None
Assets/Scripts/AI/AIConsumableManager.cs,Assets/Scripts/AI/AIConsumableManager.cs,AI,N/A,None
Assets/Scripts/AI/AIProfile.cs,Assets/Scripts/AI/AIProfile.cs,AI,N/A,None
Assets/Scripts/AI/AISpellcastingStrategist.cs,Assets/Scripts/AI/AISpellcastingStrategist.cs,AI,N/A,None
Assets/Scripts/AI/LastKnownPositionTracker.cs,Assets/Scripts/AI/LastKnownPositionTracker.cs,AI,N/A,None
Assets/Scripts/AI/NPCTemplateAIConfigurator.cs,Assets/Scripts/AI/NPCTemplateAIConfigurator.cs,AI,N/A,None
Assets/Scripts/AI/SpellCategoryClassifier.cs,Assets/Scripts/AI/SpellCategoryClassifier.cs,AI,N/A,None
Assets/Scripts/AI/SpellcasterAIBehaviorData.cs,Assets/Scripts/AI/SpellcasterAIBehaviorData.cs,AI,N/A,None
Assets/Scripts/AI/Custom/CustomAIExample.cs,Assets/Scripts/AI/Custom/CustomAIExample.cs,AI,N/A,None
Assets/Scripts/AI/Profiles/AbjurerAIProfile.cs,Assets/Scripts/AI/Profiles/AbjurerAIProfile.cs,AI,N/A,None
Assets/Scripts/AI/Profiles/AnimalAIProfile.cs,Assets/Scripts/AI/Profiles/AnimalAIProfile.cs,AI,N/A,None
Assets/Scripts/AI/Profiles/BerserkAIProfile.cs,Assets/Scripts/AI/Profiles/BerserkAIProfile.cs,AI,N/A,None
Assets/Scripts/AI/Profiles/DragonAIProfile.cs,Assets/Scripts/AI/Profiles/DragonAIProfile.cs,AI,N/A,None
Assets/Scripts/AI/Profiles/EvokerAIProfile.cs,Assets/Scripts/AI/Profiles/EvokerAIProfile.cs,AI,N/A,None
Assets/Scripts/AI/Profiles/GrapplerAIProfile.cs,Assets/Scripts/AI/Profiles/GrapplerAIProfile.cs,AI,N/A,None
Assets/Scripts/AI/Profiles/HealerAIProfile.cs,Assets/Scripts/AI/Profiles/HealerAIProfile.cs,AI,N/A,None
Assets/Scripts/AI/Profiles/HumanoidAIProfile.cs,Assets/Scripts/AI/Profiles/HumanoidAIProfile.cs,AI,N/A,None
Assets/Scripts/AI/Profiles/IndiscriminateSwarmAI.cs,Assets/Scripts/AI/Profiles/IndiscriminateSwarmAI.cs,AI,N/A,None
Assets/Scripts/AI/Profiles/NecromancerAIProfile.cs,Assets/Scripts/AI/Profiles/NecromancerAIProfile.cs,AI,N/A,None
Assets/Scripts/AI/Profiles/RangedAIProfile.cs,Assets/Scripts/AI/Profiles/RangedAIProfile.cs,AI,N/A,None
Assets/Scripts/AI/Profiles/SpellcasterAIProfile.cs,Assets/Scripts/AI/Profiles/SpellcasterAIProfile.cs,AI,N/A,None
Assets/Scripts/AI/Profiles/SwarmAI.cs,Assets/Scripts/AI/Profiles/SwarmAI.cs,AI,N/A,None
Assets/Scripts/AI/Profiles/UndeadMindlessAIProfile.cs,Assets/Scripts/AI/Profiles/UndeadMindlessAIProfile.cs,AI,N/A,None
Assets/Scripts/Services/AIService.cs,Assets/Scripts/Services/AIService.cs,Services,N/A,None
Assets/Scripts/Services/CombatFlowService.cs,Assets/Scripts/Services/CombatFlowService.cs,Services,N/A,None
Assets/Scripts/Services/ConcentrationService.cs,Assets/Scripts/Services/ConcentrationService.cs,Services,N/A,None
Assets/Scripts/Services/ConditionService.cs,Assets/Scripts/Services/ConditionService.cs,Services,N/A,None
Assets/Scripts/Services/DiceService.cs,Assets/Scripts/Services/DiceService.cs,Services,N/A,None
Assets/Scripts/Services/DispelMagicService.cs,Assets/Scripts/Services/DispelMagicService.cs,Services,N/A,None
Assets/Scripts/Services/EconomyService.cs,Assets/Scripts/Services/EconomyService.cs,Services,N/A,None
Assets/Scripts/Services/EncounterService.cs,Assets/Scripts/Services/EncounterService.cs,Services,N/A,None
Assets/Scripts/Services/InputService.cs,Assets/Scripts/Services/InputService.cs,Services,N/A,None
Assets/Scripts/Services/MovementService.cs,Assets/Scripts/Services/MovementService.cs,Services,N/A,None
Assets/Scripts/Services/SavingThrowResolver.cs,Assets/Scripts/Services/SavingThrowResolver.cs,Services,N/A,None
Assets/Scripts/Services/SpellApplicationService.cs,Assets/Scripts/Services/SpellApplicationService.cs,Services,N/A,None
Assets/Scripts/Services/SpellResolutionService.cs,Assets/Scripts/Services/SpellResolutionService.cs,Services,N/A,None
Assets/Scripts/Services/SpellTargetingService.cs,Assets/Scripts/Services/SpellTargetingService.cs,Services,N/A,None
Assets/Scripts/Services/SummoningService.cs,Assets/Scripts/Services/SummoningService.cs,Services,N/A,None
Assets/Scripts/Services/TurnService.cs,Assets/Scripts/Services/TurnService.cs,Services,N/A,None
Assets/Scripts/Grid/PathPreview.cs,Assets/Scripts/Grid/PathPreview.cs,Grid,N/A,None
Assets/Scripts/Grid/SquareCell.cs,Assets/Scripts/Grid/SquareCell.cs,Grid,N/A,None
Assets/Scripts/Grid/SquareGrid.cs,Assets/Scripts/Grid/SquareGrid.cs,Grid,N/A,None
Assets/Scripts/Grid/SquareGridUtils.cs,Assets/Scripts/Grid/SquareGridUtils.cs,Grid,N/A,None
Assets/Scripts/Effects/Disease.cs,Assets/Scripts/Effects/Disease.cs,Effects,N/A,None
Assets/Scripts/Effects/DiseaseDatabase.cs,Assets/Scripts/Effects/DiseaseDatabase.cs,Effects,N/A,None
Assets/Scripts/Effects/Poison.cs,Assets/Scripts/Effects/Poison.cs,Effects,N/A,None
Assets/Scripts/Effects/PoisonDatabase.cs,Assets/Scripts/Effects/PoisonDatabase.cs,Effects,N/A,None
Assets/Scripts/Effects/PoisonSpecialEffect.cs,Assets/Scripts/Effects/PoisonSpecialEffect.cs,Effects,N/A,None
Assets/Scripts/Crafting/CraftableItemDefinition.cs,Assets/Scripts/Crafting/CraftableItemDefinition.cs,Crafting,N/A,None
Assets/Scripts/Crafting/CraftableItemRegistry.cs,Assets/Scripts/Crafting/CraftableItemRegistry.cs,Crafting,N/A,None
Assets/Scripts/Crafting/CraftingConstants.cs,Assets/Scripts/Crafting/CraftingConstants.cs,Crafting,N/A,None
Assets/Scripts/Crafting/CraftingCostCalculator.cs,Assets/Scripts/Crafting/CraftingCostCalculator.cs,Crafting,N/A,None
Assets/Scripts/Crafting/CraftingExecutor.cs,Assets/Scripts/Crafting/CraftingExecutor.cs,Crafting,N/A,None
Assets/Scripts/Crafting/CraftingFeatType.cs,Assets/Scripts/Crafting/CraftingFeatType.cs,Crafting,N/A,None
Assets/Scripts/Crafting/CraftingProject.cs,Assets/Scripts/Crafting/CraftingProject.cs,Crafting,N/A,None
Assets/Scripts/Crafting/CraftingTimeTracker.cs,Assets/Scripts/Crafting/CraftingTimeTracker.cs,Crafting,N/A,None
Assets/Scripts/Crafting/CraftingValidator.cs,Assets/Scripts/Crafting/CraftingValidator.cs,Crafting,N/A,None
Assets/Scripts/Crafting/SpellSourceInfo.cs,Assets/Scripts/Crafting/SpellSourceInfo.cs,Crafting,N/A,None
Assets/Scripts/TreasureGenerator/MagicItemGenerator.cs,Assets/Scripts/TreasureGenerator/MagicItemGenerator.cs,TreasureGenerator,N/A,None
Assets/Scripts/TreasureGenerator/TreasureData.cs,Assets/Scripts/TreasureGenerator/TreasureData.cs,TreasureGenerator,N/A,None
Assets/Scripts/TreasureGenerator/TreasureDice.cs,Assets/Scripts/TreasureGenerator/TreasureDice.cs,TreasureGenerator,N/A,None
Assets/Scripts/TreasureGenerator/TreasureGenerator.cs,Assets/Scripts/TreasureGenerator/TreasureGenerator.cs,TreasureGenerator,N/A,None
Assets/Scripts/TreasureGenerator/TreasureResult.cs,Assets/Scripts/TreasureGenerator/TreasureResult.cs,TreasureGenerator,N/A,None
Assets/Scripts/TreasureGenerator/TreasureUI.cs,Assets/Scripts/TreasureGenerator/TreasureUI.cs,TreasureGenerator,N/A,None
Assets/Scripts/World/CreatureTrapSystem.cs,Assets/Scripts/World/CreatureTrapSystem.cs,World,N/A,None
Assets/Scripts/World/PlanarTravelSystem.cs,Assets/Scripts/World/PlanarTravelSystem.cs,World,N/A,None
Assets/Scripts/Utilities/DiceRoller.cs,Assets/Scripts/Utilities/DiceRoller.cs,Utilities,N/A,None
Assets/Scripts/Utilities/ObjectPool.cs,Assets/Scripts/Utilities/ObjectPool.cs,Utilities,N/A,None
Assets/Scripts/Tests/Combat/*,Assets/Scripts/Combat/Tests/*,Tests,7,Low
Assets/Scripts/Tests/Services/*,Assets/Scripts/Services/Tests/*,Tests,7,Low
Assets/Scripts/Tests/Character/*,Assets/Scripts/Character/Tests/*,Tests,7,Low
Assets/Scripts/Tests/Magic/*,Assets/Scripts/Spell/Tests/*,Tests,7,Low
Assets/Scripts/Tests/Classes/*,Assets/Scripts/Character/Classes/Tests/*,Tests,7,Low
Assets/Scripts/Tests/Maneuvers/*,Assets/Scripts/Combat/Maneuvers/Tests/*,Tests,7,Low
Assets/Scripts/Tests/Crafting/*,Assets/Scripts/Crafting/Tests/*,Tests,7,Low
Assets/Scripts/Tests/Equipment/*,Assets/Scripts/Equipment/Tests/*,Tests,7,Low
Assets/Scripts/Tests/Encounters/*,Assets/Scripts/Encounters/Tests/*,Tests,7,Low
Assets/Scripts/Tests/Feats/*,Assets/Scripts/Character/Feats/Tests/*,Tests,7,Low
Assets/Scripts/Tests/Inventory/*,Assets/Scripts/Equipment/Inventory/Tests/*,Tests,7,Low
Assets/Scripts/Tests/Mounts/*,Assets/Scripts/Combat/Mounts/Tests/*,Tests,7,Low
Assets/Scripts/Tests/AI/*,Assets/Scripts/AI/Tests/*,Tests,7,Low
Assets/Scripts/Tests/Utilities/*,Assets/Scripts/Tests/Utilities/*,Tests,7,Low
